<?xml version="1.0" encoding="utf-8"?>
<odoo>
    <record id="ir_cron_mqtt_listener_auto_start" model="ir.cron">
        <field name="name">MQTT: Listener Auto Start</field>
        <field name="model_id" ref="model_mqtt_broker"/>
        <field name="state">code</field>
        <field name="code">model._cron_broker_listener_auto_start()</field>
        <field name="interval_number">1</field>
        <field name="interval_type">minutes</field>
        <field name="active" eval="True"/>
    </record>
</odoo>
