<odoo>
<data>
	<record forcecreate="True" id="cron_download_data" model="ir.cron">
		<field name="name">Download Attendances</field>
		<field name="active" eval="True"/>
		<field name="user_id" ref="base.user_admin"/>
		<field name="interval_number">30</field>
		<field name="interval_type">minutes</field>
		<field name="model_id" ref="vitou_zk_attendance_free.model_vitouzkf_set_device"/>
		<field name="state">code</field>
		<field name="code">model.cron_download_attendance()</field>
	</record>
</data>
</odoo>