<?xml version="1.0" encoding="utf-8"?>
<odoo noupdate="1">
    <record id="module_category_vitouzkf_device" model="ir.module.category">
        <field name="name">Attendance Device</field>
        <field name="sequence">60</field>
    </record>

     <record id="group_vitouzkf_staff" model="res.groups">
        <field name="name">All Staff</field>
        <field name="category_id" ref="vitou_zk_attendance_free.module_category_vitouzkf_device"/>
        <field name="implied_ids" eval="[(4, ref('base.group_user'))]"/>
        <field name="comment">All Staff</field>
    </record>

     <record id="group_vitouzkf_hrstaff" model="res.groups">
        <field name="name">HR Staff</field>
        <field name="category_id" ref="vitou_zk_attendance_free.module_category_vitouzkf_device"/>
        <field name="implied_ids" eval="[(4, ref('base.group_user'))]"/>
        <field name="comment">HR Staff</field>
    </record>

    <record id="group_vitouzkf_it" model="res.groups">
        <field name="name">IT</field>
        <field name="category_id" ref="vitou_zk_attendance_free.module_category_vitouzkf_device"/>
        <field name="implied_ids" eval="[(4, ref('base.group_user'))]"/>
        <field name="comment">IT</field>
    </record>


      <record id="group_vitouzkf_administrator" model="res.groups">
        <field name="name">Adinistrator</field>
        <field name="category_id" ref="vitou_zk_attendance_free.module_category_vitouzkf_device"/>
        <field name="implied_ids" eval="[(4, ref('base.group_user'))]"/>
        <field name="comment">Administrator</field>
    </record>


<!--         <record id="itcontrol_staff_rule" model="ir.rule">-->
<!--                <field name="name">IT staff</field>-->
<!--                <field name="model_id" ref="model_itcontrol_sparepart"/>-->
<!--               <field name="groups" eval="[(4, ref('base.group_user'))]"/>-->
<!--                 <field name="domain_force">[('create_uid', '=', user.id)]</field>-->
<!--            </record>-->
</odoo>

