<?xml version="1.0" encoding="UTF-8" ?>
<odoo>
    <data noupdate="1">
        <!-- Room Booking Sequence-->
        <record id="seq_hotel_folio" model="ir.sequence">
            <field name="name">Hotel Folio</field>
            <field name="code">room.booking</field>
            <field name="prefix">BOOKING/</field>
            <field name="padding">5</field>
        </record>
        <!-- Cleaning Request sequence-->
        <record id="seq_cleaning" model="ir.sequence">
            <field name="name">Cleaning Request</field>
            <field name="code">cleaning.request</field>
            <field name="prefix">CLEANING/</field>
            <field name="padding">4</field>
        </record>
        <!-- Maintenance Request Sequence-->
        <record id="seq_maintenance" model="ir.sequence">
            <field name="name">Maintenance Request</field>
            <field name="code">maintenance.request</field>
            <field name="prefix">MNTC/</field>
            <field name="padding">5</field>
        </record>
    </data>
</odoo>
