id,name,model_id:id,group_id:id,perm_read,perm_write,perm_create,perm_unlink
access_mqtt_broker,mqtt.broker,model_mqtt_broker,base.group_user,1,1,1,1
access_mqtt_subscription,mqtt.subscription,model_mqtt_subscription,base.group_user,1,1,1,1
access_mqtt_topic,mqtt.topic,model_mqtt_topic,base.group_user,1,1,1,1
access_mqtt_message_history,mqtt.message.history,model_mqtt_message_history,base.group_user,1,1,1,1
access_mqtt_metadata,mqtt.metadata,model_mqtt_metadata,base.group_user,1,1,1,1
access_mqtt_metadata_value,mqtt.metadata.value,model_mqtt_metadata_value,base.group_user,1,1,1,1
